{
  "name": "star-octahedron",
  "vertices": [
    [
      0.0,
      1.0,
      0.0
    ],
    [
      0.0,
      -1.0,
      0.0
    ],
    [
      1.0,
      0.0,
      0.0
    ],
    [
      0.0,
      0.0,
      1.0
    ],
    [
      -1.0,
      0.0,
      0.0
    ],
    [
      0.0,
      0.0,
      -1.0
    ],
    [
      1.3660254037844386,
      0.0,
      1.3660254037844386
    ],
    [
      -1.3660254037844386,
      0.0,
      1.3660254037844386
    ],
    [
      -1.3660254037844386,
      0.0,
      -1.3660254037844386
    ],
    [
      1.3660254037844386,
      0.0,
      -1.3660254037844386
    ]
  ],
  "edges": [
    [
      0,
      2
    ],
    [
      0,
      3
    ],
    [
      0,
      4
    ],
    [
      0,
      5
    ],
    [
      1,
      2
    ],
    [
      1,
      3
    ],
    [
      1,
      4
    ],
    [
      1,
      5
    ],
    [
      2,
      6
    ],
    [
      6,
      3
    ],
    [
      3,
      7
    ],
    [
      7,
      4
    ],
    [
      4,
      8
    ],
    [
      8,
      5
    ],
    [
      5,
      9
    ],
    [
      9,
      2
    ]
  ],
  "faces": []
}